book,page,seq,hangul,pos,meaning_cn,example_ko,example_zh,status,note
我的第一本韩语漫画口语书：从零开始学韩语 (优尼创新外语研发中心),21,1,미소를짓다,,微笑,,,,
我的第一本韩语漫画口语书：从零开始学韩语 (优尼创新外语研发中心),22,2,낄낄거리며웃다,,小声笑,,,,
我的第一本韩语漫画口语书：从零开始学韩语 (优尼创新外语研发中心),24,3,빙그레웃다,,微微一笑,,,,
我的第一本韩语漫画口语书：从零开始学韩语 (优尼创新外语研发中心),31,4,열받다,,生气,,,,
我的第一本韩语漫画口语书：从零开始学韩语 (优尼创新外语研发中心),32,5,짜증나다,,心烦,,,,
我的第一本韩语漫画口语书：从零开始学韩语 (优尼创新外语研发中心),33,6,분노하다,,愤怒,,,,
我的第一本韩语漫画口语书：从零开始学韩语 (优尼创新外语研发中心),34,7,긴장하다,,紧张,,,,
我的第一本韩语漫画口语书：从零开始学韩语 (优尼创新外语研发中心),35,8,성질나다,,发脾气,,,,
我的第一本韩语漫画口语书：从零开始学韩语 (优尼创新外语研发中心),42,9,귀엽다,,可爱,,,,
我的第一本韩语漫画口语书：从零开始学韩语 (优尼创新外语研发中心),43,10,사랑하다,,爱,,,,
我的第一本韩语漫画口语书：从零开始学韩语 (优尼创新外语研发中心),44,11,수줍다,,很害羞,,,,
我的第一本韩语漫画口语书：从零开始学韩语 (优尼创新外语研发中心),45,12,그립다,,很思念,,,,
我的第一本韩语漫画口语书：从零开始学韩语 (优尼创新外语研发中心),46,13,마음에들다,,合心意,,,,
我的第一本韩语漫画口语书：从零开始学韩语 (优尼创新外语研发中心),46,14,좋아하다,,喜欢,,,,
我的第一本韩语漫画口语书：从零开始学韩语 (优尼创新外语研发中心),46,15,기대하다,,很期待,,,,
我的第一本韩语漫画口语书：从零开始学韩语 (优尼创新外语研发中心),46,16,괜찮다,,一般喜欢,,,,
我的第一本韩语漫画口语书：从零开始学韩语 (优尼创新外语研发中心),54,17,밉상이다,,讨厌,,,,
我的第一本韩语漫画口语书：从零开始学韩语 (优尼创新外语研发中心),55,18,짜증나다,,烦人,,,,
我的第一本韩语漫画口语书：从零开始学韩语 (优尼创新外语研发中心),56,19,혐오하다,,憎恶,,,,
我的第一本韩语漫画口语书：从零开始学韩语 (优尼创新外语研发中心),57,20,그밉상이또왔네.,,他那飘飘然的样子真让人讨厌。,,,delete,
我的第一本韩语漫画口语书：从零开始学韩语 (优尼创新外语研发中心),63,21,설움하다,,悲愤,,,,
我的第一本韩语漫画口语书：从零开始学韩语 (优尼创新外语研发中心),63,22,비애이다,,悲哀,,,,
我的第一本韩语漫画口语书：从零开始学韩语 (优尼创新外语研发中心),63,23,비관적이다,,悲观,,,,
我的第一本韩语漫画口语书：从零开始学韩语 (优尼创新外语研发中心),63,24,슬프다,,悲伤,,,,
我的第一本韩语漫画口语书：从零开始学韩语 (优尼创新外语研发中心),63,25,비통하다,,悲痛,,,,
我的第一本韩语漫画口语书：从零开始学韩语 (优尼创新外语研发中心),64,26,상심하다,,伤心,,,,
我的第一本韩语漫画口语书：从零开始学韩语 (优尼创新外语研发中心),65,27,절망하다,,绝望,,,,
我的第一本韩语漫画口语书：从零开始学韩语 (优尼创新外语研发中心),74,28,머리,,头部,,,,
我的第一本韩语漫画口语书：从零开始学韩语 (优尼创新外语研发中心),74,29,머리카락,,头发,,,,
我的第一本韩语漫画口语书：从零开始学韩语 (优尼创新外语研发中心),74,30,얼굴,,面部,,,,
我的第一本韩语漫画口语书：从零开始学韩语 (优尼创新外语研发中心),74,31,눈,,眼睛,,,,
我的第一本韩语漫画口语书：从零开始学韩语 (优尼创新外语研发中心),75,32,귀,,耳朵,,,,
我的第一本韩语漫画口语书：从零开始学韩语 (优尼创新外语研发中心),76,33,코,,鼻子,,,,
我的第一本韩语漫画口语书：从零开始学韩语 (优尼创新外语研发中心),77,34,입,,口部,,,,
我的第一本韩语漫画口语书：从零开始学韩语 (优尼创新外语研发中心),78,35,부리부리한눈.,,她的头发还有点湿。,,,delete,
我的第一本韩语漫画口语书：从零开始学韩语 (优尼创新外语研发中心),85,36,곱다,,好看,,,,
我的第一本韩语漫画口语书：从零开始学韩语 (优尼创新外语研发中心),85,37,예쁘다,,漂亮,,,,
我的第一本韩语漫画口语书：从零开始学韩语 (优尼创新外语研发中心),85,38,멋있다,,帅气,,,,
我的第一本韩语漫画口语书：从零开始学韩语 (优尼创新外语研发中心),85,39,귀엽다,,可爱,,,,
我的第一本韩语漫画口语书：从零开始学韩语 (优尼创新外语研发中心),85,40,보통하다,,一般,,,,
我的第一本韩语漫画口语书：从零开始学韩语 (优尼创新外语研发中心),85,41,못생기다,,难看,,,,
我的第一本韩语漫画口语书：从零开始学韩语 (优尼创新外语研发中心),85,42,흉측하다,,丑陋,,,,
我的第一本韩语漫画口语书：从零开始学韩语 (优尼创新外语研发中心),85,43,크다,,高的,,,,
我的第一本韩语漫画口语书：从零开始学韩语 (优尼创新外语研发中心),86,44,작다,,矮的,,,,
我的第一本韩语漫画口语书：从零开始学韩语 (优尼创新外语研发中心),87,45,뚱뚱하다,,胖的,,,,
我的第一本韩语漫画口语书：从零开始学韩语 (优尼创新外语研发中心),88,46,여위다,,瘦的,,,,
我的第一本韩语漫画口语书：从零开始学韩语 (优尼创新外语研发中心),89,47,머리스타일,,发型,,,,
我的第一本韩语漫画口语书：从零开始学韩语 (优尼创新外语研发中心),90,48,단발머리,,短发,,,,
我的第一本韩语漫画口语书：从零开始学韩语 (优尼创新外语研发中心),90,49,장발머리,,长发,,,,
我的第一本韩语漫画口语书：从零开始学韩语 (优尼创新外语研发中心),99,50,간장,,肝脏,,,,
我的第一本韩语漫画口语书：从零开始学韩语 (优尼创新外语研发中心),99,51,비장,,脾脏,,,,
我的第一本韩语漫画口语书：从零开始学韩语 (优尼创新外语研发中心),99,52,대장,,大肠,,,,
我的第一本韩语漫画口语书：从零开始学韩语 (优尼创新外语研发中心),99,53,소장,,小肠,,,,
我的第一本韩语漫画口语书：从零开始学韩语 (优尼创新外语研发中心),99,54,위장,,胃肠,,,,
我的第一本韩语漫画口语书：从零开始学韩语 (优尼创新外语研发中心),99,55,가슴,,胸口,,,,
我的第一本韩语漫画口语书：从零开始学韩语 (优尼创新外语研发中心),99,56,심장,,心脏,,,,
我的第一本韩语漫画口语书：从零开始学韩语 (优尼创新外语研发中心),99,57,뼈,,骨头,,,,
我的第一本韩语漫画口语书：从零开始学韩语 (优尼创新外语研发中心),108,58,설사,,腹泻,,,,
我的第一本韩语漫画口语书：从零开始学韩语 (优尼创新外语研发中心),108,59,변비,,便秘,,,,
我的第一本韩语漫画口语书：从零开始学韩语 (优尼创新外语研发中心),108,60,천식,,气喘,,,,
我的第一本韩语漫画口语书：从零开始学韩语 (优尼创新外语研发中心),108,61,감기,,感冒,,,,
我的第一本韩语漫画口语书：从零开始学韩语 (优尼创新外语研发中心),109,62,열나다,,发烧,,,,
我的第一本韩语漫画口语书：从零开始学韩语 (优尼创新外语研发中心),110,63,콧물흐르다,,流鼻涕,,,,
我的第一本韩语漫画口语书：从零开始学韩语 (优尼创新外语研发中心),111,64,배아프다,,肚子痛,,,,
我的第一本韩语漫画口语书：从零开始学韩语 (优尼创新外语研发中心),112,65,두통,,头痛,,,,
我的第一本韩语漫画口语书：从零开始学韩语 (优尼创新外语研发中心),113,66,기침,,咳嗽,,,,
我的第一本韩语漫画口语书：从零开始学韩语 (优尼创新外语研发中心),114,67,구토,,呕吐,,,,
我的第一本韩语漫画口语书：从零开始学韩语 (优尼创新外语研发中心),114,68,식중독,,食物中毒,,,,
我的第一本韩语漫画口语书：从零开始学韩语 (优尼创新外语研发中心),114,69,심장병,,心脏病,,,,
我的第一本韩语漫画口语书：从零开始学韩语 (优尼创新外语研发中心),114,70,고혈압,,高血压,,,,
我的第一本韩语漫画口语书：从零开始学韩语 (优尼创新外语研发中心),114,71,당뇨병,,糖尿病,,,,
我的第一本韩语漫画口语书：从零开始学韩语 (优尼创新外语研发中心),114,72,치통,,牙齿痛,,,,
我的第一本韩语漫画口语书：从零开始学韩语 (优尼创新外语研发中心),114,73,충치,,蛀牙,,,,
我的第一本韩语漫画口语书：从零开始学韩语 (优尼创新外语研发中心),115,74,두통이심하다.,,孩子高烧竟达40度。,,,delete,
我的第一本韩语漫画口语书：从零开始学韩语 (优尼创新外语研发中心),115,75,감기가쇠다.,,感冒了流鼻涕。,,,delete,
我的第一本韩语漫画口语书：从零开始学韩语 (优尼创新外语研发中心),120,76,출혈한다,,流血,,,,
我的第一本韩语漫画口语书：从零开始学韩语 (优尼创新外语研发中心),120,77,부상하다,,受伤,,,,
我的第一本韩语漫画口语书：从零开始学韩语 (优尼创新外语研发中心),120,78,삐다,,扭伤,,,,
我的第一本韩语漫画口语书：从零开始学韩语 (优尼创新外语研发中心),120,79,골절,,骨折,,,,
我的第一本韩语漫画口语书：从零开始学韩语 (优尼创新外语研发中心),120,80,화상,,烫伤,,,,
我的第一本韩语漫画口语书：从零开始学韩语 (优尼创新外语研发中心),120,81,온도계,,温度计,,,,
我的第一本韩语漫画口语书：从零开始学韩语 (优尼创新外语研发中心),121,82,주사기,,注射器,,,,
我的第一本韩语漫画口语书：从零开始学韩语 (优尼创新外语研发中心),122,83,붕대,,绷带,,,,
我的第一本韩语漫画口语书：从零开始学韩语 (优尼创新外语研发中心),123,84,휠체어,,轮椅,,,,
我的第一本韩语漫画口语书：从零开始学韩语 (优尼创新外语研发中心),124,85,구급차,,救护车,,,,
我的第一本韩语漫画口语书：从零开始学韩语 (优尼创新外语研发中心),125,86,구급상자,,急救箱,,,,
我的第一本韩语漫画口语书：从零开始学韩语 (优尼创新外语研发中心),126,87,봉합,,缝合,,,,
我的第一本韩语漫画口语书：从零开始学韩语 (优尼创新外语研发中心),126,88,엑스레이검사,,X光检查,,,,已订正错位释义
我的第一本韩语漫画口语书：从零开始学韩语 (优尼创新外语研发中心),126,89,심전도,,心电图,,,,已订正错位释义
我的第一本韩语漫画口语书：从零开始学韩语 (优尼创新外语研发中心),126,90,혈압을재다,,量血压,,,,已订正错位释义
我的第一本韩语漫画口语书：从零开始学韩语 (优尼创新外语研发中心),126,91,체온을재다,,测体温,,,,已订正错位释义
我的第一本韩语漫画口语书：从零开始学韩语 (优尼创新外语研发中心),126,92,채혈,,抽血,,,,存疑:无释义；已订正错位释义
我的第一本韩语漫画口语书：从零开始学韩语 (优尼创新外语研发中心),126,93,접수하다,,挂号,,,,
我的第一本韩语漫画口语书：从零开始学韩语 (优尼创新外语研发中心),126,94,소아과,,儿科,,,,
我的第一本韩语漫画口语书：从零开始学韩语 (优尼创新外语研发中心),126,95,치과,,牙科,,,,
我的第一本韩语漫画口语书：从零开始学韩语 (优尼创新外语研发中心),127,96,진단,,诊断,,,,
我的第一本韩语漫画口语书：从零开始学韩语 (优尼创新外语研发中心),127,97,지팡이,,拐杖,,,,
我的第一本韩语漫画口语书：从零开始学韩语 (优尼创新外语研发中心),127,98,석고,,石膏,,,,
我的第一本韩语漫画口语书：从零开始学韩语 (优尼创新外语研发中心),127,99,출혈이심합니다.,,有人受伤了。,,,delete,
我的第一本韩语漫画口语书：从零开始学韩语 (优尼创新外语研发中心),136,100,아주머니,,阿姨,,,,
我的第一本韩语漫画口语书：从零开始学韩语 (优尼创新外语研发中心),136,101,외할아버지,,外公,,,,
我的第一本韩语漫画口语书：从零开始学韩语 (优尼创新外语研发中心),136,102,외할머니,,外婆,,,,
我的第一本韩语漫画口语书：从零开始学韩语 (优尼创新外语研发中心),136,103,고모,,姑姑,,,,
我的第一本韩语漫画口语书：从零开始学韩语 (优尼创新外语研发中心),136,104,외삼촌,,舅舅,,,,
我的第一本韩语漫画口语书：从零开始学韩语 (优尼创新外语研发中心),137,105,고모부,,姑父,,,,
我的第一本韩语漫画口语书：从零开始学韩语 (优尼创新外语研发中心),137,106,외숙모,,舅母,,,,
我的第一本韩语漫画口语书：从零开始学韩语 (优尼创新外语研发中心),137,107,형수,,嫂子,,,,
我的第一本韩语漫画口语书：从零开始学韩语 (优尼创新外语研发中心),137,108,매형,,姐夫,,,,
我的第一本韩语漫画口语书：从零开始学韩语 (优尼创新外语研发中心),137,109,남동생,,弟弟,,,,
我的第一本韩语漫画口语书：从零开始学韩语 (优尼创新外语研发中心),137,110,제수,,弟妹,,,,
我的第一本韩语漫画口语书：从零开始学韩语 (优尼创新外语研发中心),137,111,여동생,,妹妹,,,,
我的第一本韩语漫画口语书：从零开始学韩语 (优尼创新外语研发中心),137,112,매부,,妹夫,,,,
我的第一本韩语漫画口语书：从零开始学韩语 (优尼创新外语研发中心),145,113,슬리퍼,,拖鞋,,,,
我的第一本韩语漫画口语书：从零开始学韩语 (优尼创新外语研发中心),145,114,소파,,沙发,,,,
我的第一本韩语漫画口语书：从零开始学韩语 (优尼创新外语研发中心),145,115,사진틀,,相框,,,,
我的第一本韩语漫画口语书：从零开始学韩语 (优尼创新外语研发中心),146,116,우산,,雨伞,,,,
我的第一本韩语漫画口语书：从零开始学韩语 (优尼创新外语研发中心),146,117,걸레,,抹布,,,,
我的第一本韩语漫画口语书：从零开始学韩语 (优尼创新外语研发中心),146,118,욕조,,浴缸,,,,
我的第一本韩语漫画口语书：从零开始学韩语 (优尼创新外语研发中心),146,119,서랍,,抽屉,,,,
我的第一本韩语漫画口语书：从零开始学韩语 (优尼创新外语研发中心),146,120,옷걸이,,衣架,,,,
我的第一本韩语漫画口语书：从零开始学韩语 (优尼创新外语研发中心),146,121,휴지,,手纸,,,,
我的第一本韩语漫画口语书：从零开始学韩语 (优尼创新外语研发中心),147,122,세수비누,,香皂,,,,
我的第一本韩语漫画口语书：从零开始学韩语 (优尼创新外语研发中心),147,123,수건,,毛巾,,,,
我的第一本韩语漫画口语书：从零开始学韩语 (优尼创新外语研发中心),147,124,빗,,梳子,,,,
我的第一本韩语漫画口语书：从零开始学韩语 (优尼创新外语研发中心),147,125,거울,,镜子,,,,
我的第一本韩语漫画口语书：从零开始学韩语 (优尼创新外语研发中心),147,126,빗,,梳子,,,,
我的第一本韩语漫画口语书：从零开始学韩语 (优尼创新外语研发中心),147,127,컵,,杯子,,,,
我的第一本韩语漫画口语书：从零开始学韩语 (优尼创新外语研发中心),153,128,케이크,,蛋糕,,,,
我的第一本韩语漫画口语书：从零开始学韩语 (优尼创新外语研发中心),153,129,우유,,牛奶,,,,
我的第一本韩语漫画口语书：从零开始学韩语 (优尼创新外语研发中心),153,130,오이,,黄瓜,,,,
我的第一本韩语漫画口语书：从零开始学韩语 (优尼创新外语研发中心),153,131,옥수수,,玉米,,,,
我的第一本韩语漫画口语书：从零开始学韩语 (优尼创新外语研发中心),153,132,햄버거,,汉堡,,,,
我的第一本韩语漫画口语书：从零开始学韩语 (优尼创新外语研发中心),154,133,주스,,果汁,,,,
我的第一本韩语漫画口语书：从零开始学韩语 (优尼创新外语研发中心),155,134,팝콘,,爆米花,,,,
我的第一本韩语漫画口语书：从零开始学韩语 (优尼创新外语研发中心),156,135,감자튀김,,炸薯条,,,,
我的第一本韩语漫画口语书：从零开始学韩语 (优尼创新外语研发中心),157,136,피자,,比萨,,,,
我的第一本韩语漫画口语书：从零开始学韩语 (优尼创新外语研发中心),158,137,아이스크림,,冰激凌,,,,
我的第一本韩语漫画口语书：从零开始学韩语 (优尼创新外语研发中心),159,138,핫도그,,热狗,,,,
我的第一本韩语漫画口语书：从零开始学韩语 (优尼创新外语研发中心),160,139,호박,,南瓜,,,,
我的第一本韩语漫画口语书：从零开始学韩语 (优尼创新外语研发中心),160,140,수세미외,,丝瓜,,,,
我的第一本韩语漫画口语书：从零开始学韩语 (优尼创新外语研发中心),160,141,여주,,苦瓜,,,,
我的第一本韩语漫画口语书：从零开始学韩语 (优尼创新外语研发中心),160,142,동과,,冬瓜,,,,
我的第一本韩语漫画口语书：从零开始学韩语 (优尼创新外语研发中心),160,143,배추,,白菜,,,,
我的第一本韩语漫画口语书：从零开始学韩语 (优尼创新外语研发中心),160,144,시금치,,菠菜,,,,
我的第一本韩语漫画口语书：从零开始学韩语 (优尼创新外语研发中心),160,145,양파,,洋葱,,,,
我的第一本韩语漫画口语书：从零开始学韩语 (优尼创新外语研发中心),160,146,고추,,辣椒,,,,
我的第一本韩语漫画口语书：从零开始学韩语 (优尼创新外语研发中心),160,147,피망,,青椒,,,,
我的第一本韩语漫画口语书：从零开始学韩语 (优尼创新外语研发中心),160,148,가지,,茄子,,,,
我的第一本韩语漫画口语书：从零开始学韩语 (优尼创新外语研发中心),160,149,무,,萝卜,,,,
我的第一本韩语漫画口语书：从零开始学韩语 (优尼创新外语研发中心),161,150,옥수수,,玉米,,,,
我的第一本韩语漫画口语书：从零开始学韩语 (优尼创新外语研发中心),161,151,버섯,,蘑菇,,,,
我的第一本韩语漫画口语书：从零开始学韩语 (优尼创新外语研发中心),161,152,바나나,,香蕉,,,,
我的第一本韩语漫画口语书：从零开始学韩语 (优尼创新外语研发中心),161,153,사과,,苹果,,,,
我的第一本韩语漫画口语书：从零开始学韩语 (优尼创新外语研发中心),161,154,귤,,橘子,,,,
我的第一本韩语漫画口语书：从零开始学韩语 (优尼创新外语研发中心),161,155,망고,,芒果,,,,原书笔误 망과
我的第一本韩语漫画口语书：从零开始学韩语 (优尼创新外语研发中心),161,156,파인애플,,菠萝,,,,
我的第一本韩语漫画口语书：从零开始学韩语 (优尼创新外语研发中心),161,157,딸기,,草莓,,,,
我的第一本韩语漫画口语书：从零开始学韩语 (优尼创新外语研发中心),161,158,포도,,葡萄,,,,
我的第一本韩语漫画口语书：从零开始学韩语 (优尼创新外语研发中心),161,159,오렌지,,橙子,,,,
我的第一本韩语漫画口语书：从零开始学韩语 (优尼创新外语研发中心),161,160,여지,,荔枝,,,,
我的第一本韩语漫画口语书：从零开始学韩语 (优尼创新外语研发中心),161,161,앵두,,樱桃,,,,
我的第一本韩语漫画口语书：从零开始学韩语 (优尼创新外语研发中心),161,162,양매,,杨梅,,,,
我的第一本韩语漫画口语书：从零开始学韩语 (优尼创新外语研发中心),161,163,유자,,柚子,,,,
我的第一本韩语漫画口语书：从零开始学韩语 (优尼创新外语研发中心),161,164,레몬,,柠檬,,,,
我的第一本韩语漫画口语书：从零开始学韩语 (优尼创新外语研发中心),161,165,수박,,西瓜,,,,
我的第一本韩语漫画口语书：从零开始学韩语 (优尼创新外语研发中心),161,166,석류,,石榴,,,,
我的第一本韩语漫画口语书：从零开始学韩语 (优尼创新外语研发中心),161,167,감,,柿子,,,,
我的第一本韩语漫画口语书：从零开始学韩语 (优尼创新外语研发中心),167,168,뜨거운물,,热水,,,,
我的第一本韩语漫画口语书：从零开始学韩语 (优尼创新外语研发中心),167,169,아이스워터,,冰水,,,,
我的第一本韩语漫画口语书：从零开始学韩语 (优尼创新外语研发中心),167,170,온수,,温水,,,,
我的第一本韩语漫画口语书：从零开始学韩语 (优尼创新外语研发中心),167,171,냉수,,凉水,,,,
我的第一本韩语漫画口语书：从零开始学韩语 (优尼创新外语研发中心),167,172,요구르트,,酸奶,,,,
我的第一本韩语漫画口语书：从零开始学韩语 (优尼创新外语研发中心),167,173,밀크세이크,,奶昔,,,,
我的第一本韩语漫画口语书：从零开始学韩语 (优尼创新外语研发中心),167,174,콜라,,可乐,,,,
我的第一本韩语漫画口语书：从零开始学韩语 (优尼创新外语研发中心),167,175,사이다,,汽水,,,,
我的第一本韩语漫画口语书：从零开始学韩语 (优尼创新外语研发中心),167,176,밀크티,,奶茶,,,,
我的第一本韩语漫画口语书：从零开始学韩语 (优尼创新外语研发中心),167,177,맥주,,啤酒,,,,
我的第一本韩语漫画口语书：从零开始学韩语 (优尼创新外语研发中心),168,178,빵,,面包,,,,
我的第一本韩语漫画口语书：从零开始学韩语 (优尼创新外语研发中心),168,179,김치,,泡菜,,,,
我的第一本韩语漫画口语书：从零开始学韩语 (优尼创新外语研发中心),168,180,냉면,,冷面,,,,
我的第一本韩语漫画口语书：从零开始学韩语 (优尼创新外语研发中心),179,181,일어나다,,醒来,,,,
我的第一本韩语漫画口语书：从零开始学韩语 (优尼创新外语研发中心),179,182,깨우다,,叫醒,,,,
我的第一本韩语漫画口语书：从零开始学韩语 (优尼创新外语研发中心),179,183,세수,,洗漱,,,,
我的第一本韩语漫画口语书：从零开始学韩语 (优尼创新外语研发中心),179,184,낮잠,,午睡,,,,
我的第一本韩语漫画口语书：从零开始学韩语 (优尼创新外语研发中心),179,185,일어나다,,起床,,,,
我的第一本韩语漫画口语书：从零开始学韩语 (优尼创新外语研发中心),180,186,잠을자다,,睡觉,,,,
我的第一本韩语漫画口语书：从零开始学韩语 (优尼创新外语研发中心),181,187,자명종시계,,闹钟,,,,
我的第一本韩语漫画口语书：从零开始学韩语 (优尼创新外语研发中心),182,188,지각,,迟到,,,,
我的第一本韩语漫画口语书：从零开始学韩语 (优尼创新外语研发中心),184,189,양치질,,刷牙,,,,
我的第一本韩语漫画口语书：从零开始学韩语 (优尼创新外语研发中心),191,190,에어컨,,空调,,,,
我的第一本韩语漫画口语书：从零开始学韩语 (优尼创新外语研发中心),192,191,세탁기,,洗衣机,,,,
我的第一本韩语漫画口语书：从零开始学韩语 (优尼创新外语研发中心),193,192,선풍기,,电扇,,,,
我的第一本韩语漫画口语书：从零开始学韩语 (优尼创新外语研发中心),194,193,청소기,,吸尘器,,,,
我的第一本韩语漫画口语书：从零开始学韩语 (优尼创新外语研发中心),195,194,냉장고,,电冰箱,,,,
我的第一本韩语漫画口语书：从零开始学韩语 (优尼创新外语研发中心),196,195,헤어드라이어,,电吹风,,,,
我的第一本韩语漫画口语书：从零开始学韩语 (优尼创新外语研发中心),197,196,에어컨,,空调,,,,
我的第一本韩语漫画口语书：从零开始学韩语 (优尼创新外语研发中心),198,197,텔레비전,,电视机,,,,
我的第一本韩语漫画口语书：从零开始学韩语 (优尼创新外语研发中心),199,198,카메라,,照相机,,,,
我的第一本韩语漫画口语书：从零开始学韩语 (优尼创新外语研发中心),200,199,면도기,,剃须刀,,,,
我的第一本韩语漫画口语书：从零开始学韩语 (优尼创新外语研发中心),200,200,전자로,,电磁炉,,,,
我的第一本韩语漫画口语书：从零开始学韩语 (优尼创新外语研发中心),200,201,라디오,,收音机,,,,
我的第一本韩语漫画口语书：从零开始学韩语 (优尼创新外语研发中心),207,202,예금,,存款,,,,
我的第一本韩语漫画口语书：从零开始学韩语 (优尼创新外语研发中心),207,203,계좌,,账户,,,,
我的第一本韩语漫画口语书：从零开始学韩语 (优尼创新外语研发中心),207,204,재산,,财产,,,,
我的第一本韩语漫画口语书：从零开始学韩语 (优尼创新外语研发中心),207,205,이자,,利息,,,,
我的第一本韩语漫画口语书：从零开始学韩语 (优尼创新外语研发中心),207,206,현금,,现金,,,,
我的第一本韩语漫画口语书：从零开始学韩语 (优尼创新外语研发中心),208,207,신용카드,,信用卡,,,,
我的第一本韩语漫画口语书：从零开始学韩语 (优尼创新外语研发中心),209,208,은행카드,,银行卡,,,,
我的第一本韩语漫画口语书：从零开始学韩语 (优尼创新外语研发中心),210,209,지폐,,纸币,,,,
我的第一本韩语漫画口语书：从零开始学韩语 (优尼创新外语研发中心),211,210,동전,,硬币,,,,
我的第一本韩语漫画口语书：从零开始学韩语 (优尼创新外语研发中心),212,211,금고,,保险箱,,,,
我的第一本韩语漫画口语书：从零开始学韩语 (优尼创新外语研发中心),213,212,절약,,节约,,,,
我的第一本韩语漫画口语书：从零开始学韩语 (优尼创新外语研发中心),213,213,낭비,,浪费,,,,
我的第一本韩语漫画口语书：从零开始学韩语 (优尼创新外语研发中心),213,214,비용,,费用,,,,
我的第一本韩语漫画口语书：从零开始学韩语 (优尼创新外语研发中心),213,215,지출,,支出,,,,
我的第一本韩语漫画口语书：从零开始学韩语 (优尼创新外语研发中心),213,216,계획,,计划,,,,
我的第一本韩语漫画口语书：从零开始学韩语 (优尼创新外语研发中心),213,217,물가,,物价,,,,
我的第一本韩语漫画口语书：从零开始学韩语 (优尼创新外语研发中心),213,218,집세,,房租,,,,
我的第一本韩语漫画口语书：从零开始学韩语 (优尼创新外语研发中心),213,219,가난,,贫穷,,,,
我的第一本韩语漫画口语书：从零开始学韩语 (优尼创新外语研发中心),213,220,부유,,富裕,,,,
我的第一本韩语漫画口语书：从零开始学韩语 (优尼创新外语研发中心),213,221,싸다,,便宜,,,,
我的第一本韩语漫画口语书：从零开始学韩语 (优尼创新外语研发中心),213,222,비싸다,,昂贵,,,,
我的第一本韩语漫画口语书：从零开始学韩语 (优尼创新外语研发中心),217,223,꿈에본돈이다.,,人靠衣装马靠鞍。,,,delete,
我的第一本韩语漫画口语书：从零开始学韩语 (优尼创新外语研发中心),221,224,채소를사다,,买菜,,,,
我的第一本韩语漫画口语书：从零开始学韩语 (优尼创新外语研发中心),221,225,채소를씻다,,洗菜,,,,
我的第一本韩语漫画口语书：从零开始学韩语 (优尼创新外语研发中心),221,226,밥을짓다,,做饭,,,,
我的第一本韩语漫画口语书：从零开始学韩语 (优尼创新外语研发中心),222,227,마루를청소하다,,拖地,,,,
我的第一本韩语漫画口语书：从零开始学韩语 (优尼创新外语研发中心),223,228,밥상을치우다,,收拾饭桌,,,,
我的第一本韩语漫画口语书：从零开始学韩语 (优尼创新外语研发中心),224,229,옷을다리다,,熨衣服,,,,
我的第一本韩语漫画口语书：从零开始学韩语 (优尼创新外语研发中心),225,230,꽃에물을주다,,浇花,,,,
我的第一本韩语漫画口语书：从零开始学韩语 (优尼创新外语研发中心),226,231,설거지,,洗碗,,,,
我的第一本韩语漫画口语书：从零开始学韩语 (优尼创新外语研发中心),227,232,옷을빨다,,洗衣服,,,,
我的第一本韩语漫画口语书：从零开始学韩语 (优尼创新外语研发中心),228,233,창문을닦다,,擦窗户,,,,
我的第一本韩语漫画口语书：从零开始学韩语 (优尼创新外语研发中心),229,234,구두를솔질하다,,刷鞋,,,,
我的第一本韩语漫画口语书：从零开始学韩语 (优尼创新外语研发中心),229,235,청소하다,,扫地,,,,
我的第一本韩语漫画口语书：从零开始学韩语 (优尼创新外语研发中心),229,236,쓰레기를버리다,,倒垃圾,,,,
我的第一本韩语漫画口语书：从零开始学韩语 (优尼创新外语研发中心),229,237,잡물을정리하다,,整理杂物,,,,
我的第一本韩语漫画口语书：从零开始学韩语 (优尼创新外语研发中心),229,238,냄비를씻다,,洗锅,,,,
我的第一本韩语漫画口语书：从零开始学韩语 (优尼创新外语研发中心),235,239,배터리,,电池,,,,
我的第一本韩语漫画口语书：从零开始学韩语 (优尼创新外语研发中心),236,240,전화번호,,电话号码,,,,
我的第一本韩语漫画口语书：从零开始学韩语 (优尼创新外语研发中心),237,241,전화박스,,电话亭,,,,
我的第一本韩语漫画口语书：从零开始学韩语 (优尼创新外语研发中心),238,242,핸드폰,,手机,,,,
我的第一本韩语漫画口语书：从零开始学韩语 (优尼创新外语研发中心),239,243,전화번호부,,电话簿,,,,
我的第一本韩语漫画口语书：从零开始学韩语 (优尼创新外语研发中心),240,244,전화하다,,打电话,,,,
我的第一本韩语漫画口语书：从零开始学韩语 (优尼创新外语研发中心),241,245,필링,,彩铃,,,,
我的第一本韩语漫画口语书：从零开始学韩语 (优尼创新外语研发中心),247,246,이력서,,简历,,,,
我的第一本韩语漫画口语书：从零开始学韩语 (优尼创新外语研发中心),247,247,이름,,名字,,,,
我的第一本韩语漫画口语书：从零开始学韩语 (优尼创新外语研发中心),247,248,국적,,国籍,,,,
我的第一本韩语漫画口语书：从零开始学韩语 (优尼创新外语研发中心),247,249,나이,,年龄,,,,
我的第一本韩语漫画口语书：从零开始学韩语 (优尼创新外语研发中心),247,250,전공,,专业,,,,
我的第一本韩语漫画口语书：从零开始学韩语 (优尼创新外语研发中心),247,251,출근,,上班,,,,
我的第一本韩语漫画口语书：从零开始学韩语 (优尼创新外语研发中心),248,252,퇴근,,下班,,,,
我的第一本韩语漫画口语书：从零开始学韩语 (优尼创新外语研发中心),249,253,휴가,,假期,,,,
我的第一本韩语漫画口语书：从零开始学韩语 (优尼创新外语研发中心),250,254,승진,,升职,,,,
我的第一本韩语漫画口语书：从零开始学韩语 (优尼创新外语研发中心),251,255,증봉,,加薪,,,,
我的第一本韩语漫画口语书：从零开始学韩语 (优尼创新外语研发中心),252,256,개회하다,,开会,,,,
我的第一本韩语漫画口语书：从零开始学韩语 (优尼创新外语研发中心),253,257,성별,,性别,,,,
我的第一本韩语漫画口语书：从零开始学韩语 (优尼创新外语研发中心),253,258,주소,,住所,,,,
我的第一本韩语漫画口语书：从零开始学韩语 (优尼创新外语研发中心),253,259,경력,,经历,,,,
我的第一本韩语漫画口语书：从零开始学韩语 (优尼创新外语研发中心),253,260,회장,,会长,,,,
我的第一本韩语漫画口语书：从零开始学韩语 (优尼创新外语研发中心),253,261,사장,,社长,,,,
我的第一本韩语漫画口语书：从零开始学韩语 (优尼创新外语研发中心),253,262,전무,,专务,,,,
我的第一本韩语漫画口语书：从零开始学韩语 (优尼创新外语研发中心),253,263,상무,,常务,,,,
我的第一本韩语漫画口语书：从零开始学韩语 (优尼创新外语研发中心),253,264,부장,,部长,,,,
我的第一本韩语漫画口语书：从零开始学韩语 (优尼创新外语研发中心),253,265,차장,,次长,,,,
我的第一本韩语漫画口语书：从零开始学韩语 (优尼创新外语研发中心),253,266,과장,,科长,,,,
我的第一本韩语漫画口语书：从零开始学韩语 (优尼创新外语研发中心),253,267,대리,,代理,,,,
我的第一本韩语漫画口语书：从零开始学韩语 (优尼创新外语研发中心),253,268,주임,,主任,,,,
我的第一本韩语漫画口语书：从零开始学韩语 (优尼创新外语研发中心),254,269,사원,,社员,,,,
我的第一本韩语漫画口语书：从零开始学韩语 (优尼创新外语研发中心),254,270,조퇴,,早退,,,,
我的第一本韩语漫画口语书：从零开始学韩语 (优尼创新外语研发中心),254,271,결석,,缺席,,,,
我的第一本韩语漫画口语书：从零开始学韩语 (优尼创新外语研发中心),254,272,실업하다,,失业,,,,
我的第一本韩语漫画口语书：从零开始学韩语 (优尼创新外语研发中心),254,273,해고하다,,解雇,,,,
我的第一本韩语漫画口语书：从零开始学韩语 (优尼创新外语研发中心),263,274,예약,,预约,,,,
我的第一本韩语漫画口语书：从零开始学韩语 (优尼创新外语研发中心),263,275,포장,,打包,,,,
我的第一本韩语漫画口语书：从零开始学韩语 (优尼创新外语研发中心),263,276,계산,,结账,,,,
我的第一本韩语漫画口语书：从零开始学韩语 (优尼创新外语研发中心),263,277,레스토랑,,餐厅,,,,
我的第一本韩语漫画口语书：从零开始学韩语 (优尼创新外语研发中心),264,278,주문하기,,点餐,,,,
我的第一本韩语漫画口语书：从零开始学韩语 (优尼创新外语研发中心),265,279,디저트,,甜品,,,,
我的第一本韩语漫画口语书：从零开始学韩语 (优尼创新外语研发中心),266,280,냉채,,凉菜,,,,
我的第一本韩语漫画口语书：从零开始学韩语 (优尼创新外语研发中心),267,281,중국요리,,中餐,,,,
我的第一本韩语漫画口语书：从零开始学韩语 (优尼创新外语研发中心),268,282,양식,,西餐,,,,
我的第一本韩语漫画口语书：从零开始学韩语 (优尼创新外语研发中心),269,283,예약,,预约,,,,
我的第一本韩语漫画口语书：从零开始学韩语 (优尼创新外语研发中心),269,284,계산,,结账,,,,
我的第一本韩语漫画口语书：从零开始学韩语 (优尼创新外语研发中心),269,285,자리,,座位,,,,
我的第一本韩语漫画口语书：从零开始学韩语 (优尼创新外语研发中心),269,286,주식,,主食,,,,
我的第一本韩语漫画口语书：从零开始学韩语 (优尼创新外语研发中心),269,287,아침,,早上,,,,
我的第一本韩语漫画口语书：从零开始学韩语 (优尼创新外语研发中心),269,288,점심,,中午,,,,原书笔误 정심
我的第一本韩语漫画口语书：从零开始学韩语 (优尼创新外语研发中心),269,289,저녁,,晚上,,,,原书笔误 저녘
我的第一本韩语漫画口语书：从零开始学韩语 (优尼创新外语研发中心),269,290,부식,,副食,,,,
我的第一本韩语漫画口语书：从零开始学韩语 (优尼创新外语研发中心),277,291,상의,,上衣,,,,
我的第一本韩语漫画口语书：从零开始学韩语 (优尼创新外语研发中心),277,292,바지,,裤子,,,,
我的第一本韩语漫画口语书：从零开始学韩语 (优尼创新外语研发中心),277,293,치마,,裙子,,,,
我的第一本韩语漫画口语书：从零开始学韩语 (优尼创新外语研发中心),277,294,셔츠,,衬衫,,,,
我的第一本韩语漫画口语书：从零开始学韩语 (优尼创新外语研发中心),277,295,양복,,西服,,,,
我的第一本韩语漫画口语书：从零开始学韩语 (优尼创新外语研发中心),277,296,화장품,,化妆品,,,,
我的第一本韩语漫画口语书：从零开始学韩语 (优尼创新外语研发中心),278,297,스킨소프트너,,护肤品,,,,
我的第一本韩语漫画口语书：从零开始学韩语 (优尼创新外语研发中心),279,298,일용품,,日用品,,,,
我的第一本韩语漫画口语书：从零开始学韩语 (优尼创新外语研发中心),280,299,의상,,服装,,,,
我的第一本韩语漫画口语书：从零开始学韩语 (优尼创新外语研发中心),281,300,신발,,鞋子,,,,
我的第一本韩语漫画口语书：从零开始学韩语 (优尼创新外语研发中心),282,301,액세서리,,首饰,,,,
我的第一本韩语漫画口语书：从零开始学韩语 (优尼创新外语研发中心),283,302,장식품,,装饰品,,,,
我的第一本韩语漫画口语书：从零开始学韩语 (优尼创新外语研发中心),284,303,학용품,,学习用品,,,,
我的第一本韩语漫画口语书：从零开始学韩语 (优尼创新外语研发中心),285,304,가전제품,,电器,,,,
我的第一本韩语漫画口语书：从零开始学韩语 (优尼创新外语研发中心),286,305,로션,,乳液,,,,
我的第一本韩语漫画口语书：从零开始学韩语 (优尼创新外语研发中心),286,306,마스크팩,,面膜,,,,
我的第一本韩语漫画口语书：从零开始学韩语 (优尼创新外语研发中心),286,307,파운데이션,,粉底,,,,
我的第一本韩语漫画口语书：从零开始学韩语 (优尼创新外语研发中心),286,308,휴지,,手纸,,,,
我的第一本韩语漫画口语书：从零开始学韩语 (优尼创新外语研发中心),286,309,치약,,牙膏,,,,
我的第一本韩语漫画口语书：从零开始学韩语 (优尼创新外语研发中心),286,310,칫솔,,牙刷,,,,
我的第一本韩语漫画口语书：从零开始学韩语 (优尼创新外语研发中心),286,311,넥타이,,领带,,,,
我的第一本韩语漫画口语书：从零开始学韩语 (优尼创新外语研发中心),286,312,셔츠,,衬衫,,,,
我的第一本韩语漫画口语书：从零开始学韩语 (优尼创新外语研发中心),286,313,코트,,外套,,,,
我的第一本韩语漫画口语书：从零开始学韩语 (优尼创新外语研发中心),286,314,란제리,,内衣,,,,
我的第一本韩语漫画口语书：从零开始学韩语 (优尼创新外语研发中心),286,315,드레스,,礼服,,,,
我的第一本韩语漫画口语书：从零开始学韩语 (优尼创新外语研发中心),286,316,양말,,袜子,,,,
我的第一本韩语漫画口语书：从零开始学韩语 (优尼创新外语研发中心),286,317,할인,,打折,,,,
我的第一本韩语漫画口语书：从零开始学韩语 (优尼创新外语研发中心),287,318,싸다,,便宜,,,,
我的第一本韩语漫画口语书：从零开始学韩语 (优尼创新外语研发中心),287,319,값을깎다,,砍价,,,,
我的第一本韩语漫画口语书：从零开始学韩语 (优尼创新外语研发中心),287,320,가격,,价格,,,,
我的第一本韩语漫画口语书：从零开始学韩语 (优尼创新外语研发中心),287,321,브랜드,,品牌,,,,
我的第一本韩语漫画口语书：从零开始学韩语 (优尼创新外语研发中心),287,322,정품,,正品,,,,
我的第一本韩语漫画口语书：从零开始学韩语 (优尼创新外语研发中心),297,323,친구,,朋友,,,,
我的第一本韩语漫画口语书：从零开始学韩语 (优尼创新外语研发中心),298,324,건배,,干杯,,,,
我的第一本韩语漫画口语书：从零开始学韩语 (优尼创新外语研发中心),299,325,케이크,,蛋糕,,,,
我的第一本韩语漫画口语书：从零开始学韩语 (优尼创新外语研发中心),300,326,선물,,礼物,,,,
我的第一本韩语漫画口语书：从零开始学韩语 (优尼创新外语研发中心),301,327,소개하다,,介绍,,,,
我的第一本韩语漫画口语书：从零开始学韩语 (优尼创新外语研发中心),302,328,축하하다,,祝贺,,,,
我的第一本韩语漫画口语书：从零开始学韩语 (优尼创新外语研发中心),303,329,샴페인,,香槟,,,,
我的第一本韩语漫画口语书：从零开始学韩语 (优尼创新外语研发中心),304,330,양초,,蜡烛,,,,
我的第一本韩语漫画口语书：从零开始学韩语 (优尼创新外语研发中心),305,331,저녁사줄게요.,,这是我的礼物。,,,delete,
我的第一本韩语漫画口语书：从零开始学韩语 (优尼创新外语研发中心),309,332,육상,,田径,,,,
我的第一本韩语漫画口语书：从零开始学韩语 (优尼创新外语研发中心),309,333,체조,,体操,,,,
我的第一本韩语漫画口语书：从零开始学韩语 (优尼创新外语研发中心),309,334,축구,,足球,,,,
我的第一本韩语漫画口语书：从零开始学韩语 (优尼创新外语研发中心),309,335,클라이밍,,攀岩,,,,
我的第一本韩语漫画口语书：从零开始学韩语 (优尼创新外语研发中心),309,336,테니스,,网球,,,,
我的第一本韩语漫画口语书：从零开始学韩语 (优尼创新外语研发中心),309,337,태권도,,跆拳道,,,,
我的第一本韩语漫画口语书：从零开始学韩语 (优尼创新外语研发中心),310,338,골프,,高尔夫球,,,,
我的第一本韩语漫画口语书：从零开始学韩语 (优尼创新外语研发中心),311,339,농구,,篮球,,,,
我的第一本韩语漫画口语书：从零开始学韩语 (优尼创新外语研发中心),312,340,다이빙,,跳水,,,,
我的第一本韩语漫画口语书：从零开始学韩语 (优尼创新外语研发中心),313,341,복싱,,拳击,,,,
我的第一本韩语漫画口语书：从零开始学韩语 (优尼创新外语研发中心),314,342,사격,,射击,,,,
我的第一本韩语漫画口语书：从零开始学韩语 (优尼创新外语研发中心),315,343,스키하다,,滑雪,,,,
我的第一本韩语漫画口语书：从零开始学韩语 (优尼创新外语研发中心),316,344,당구,,台球,,,,
我的第一本韩语漫画口语书：从零开始学韩语 (优尼创新外语研发中心),317,345,탁구,,乒乓球,,,,
我的第一本韩语漫画口语书：从零开始学韩语 (优尼创新外语研发中心),318,346,요트,,帆船,,,,
我的第一本韩语漫画口语书：从零开始学韩语 (优尼创新外语研发中心),318,347,유도,,柔道,,,,
我的第一本韩语漫画口语书：从零开始学韩语 (优尼创新外语研发中心),318,348,역도,,举重,,,,
我的第一本韩语漫画口语书：从零开始学韩语 (优尼创新外语研发中心),318,349,높이뛰기,,跳高,,,,
我的第一本韩语漫画口语书：从零开始学韩语 (优尼创新外语研发中心),318,350,등산,,登山,,,,
我的第一本韩语漫画口语书：从零开始学韩语 (优尼创新外语研发中心),318,351,레슬링,,摔跤,,,,
我的第一本韩语漫画口语书：从零开始学韩语 (优尼创新外语研发中心),318,352,배구,,排球,,,,
我的第一本韩语漫画口语书：从零开始学韩语 (优尼创新外语研发中心),325,353,악기,,乐器,,,,
我的第一本韩语漫画口语书：从零开始学韩语 (优尼创新外语研发中心),326,354,음향,,音响,,,,
我的第一本韩语漫画口语书：从零开始学韩语 (优尼创新外语研发中心),327,355,마이크,,麦克风,,,,
我的第一本韩语漫画口语书：从零开始学韩语 (优尼创新外语研发中心),328,356,솔로,,独唱,,,,
我的第一本韩语漫画口语书：从零开始学韩语 (优尼创新外语研发中心),329,357,합창,,合唱,,,,
我的第一本韩语漫画口语书：从零开始学韩语 (优尼创新外语研发中心),330,358,로큰롤,,摇滚,,,,
我的第一本韩语漫画口语书：从零开始学韩语 (优尼创新外语研发中心),331,359,선곡,,点歌,,,,
我的第一本韩语漫画口语书：从零开始学韩语 (优尼创新外语研发中心),331,360,고음,,高音,,,,
我的第一本韩语漫画口语书：从零开始学韩语 (优尼创新外语研发中心),331,361,중음,,中音,,,,
我的第一本韩语漫画口语书：从零开始学韩语 (优尼创新外语研发中心),331,362,저음,,低音,,,,
我的第一本韩语漫画口语书：从零开始学韩语 (优尼创新外语研发中心),331,363,화성,,和声,,,,
我的第一本韩语漫画口语书：从零开始学韩语 (优尼创新外语研发中心),331,364,반주,,伴奏,,,,
我的第一本韩语漫画口语书：从零开始学韩语 (优尼创新外语研发中心),331,365,리듬,,节奏,,,,
我的第一本韩语漫画口语书：从零开始学韩语 (优尼创新外语研发中心),336,366,시가,,诗歌,,,,
我的第一本韩语漫画口语书：从零开始学韩语 (优尼创新外语研发中心),336,367,산문,,散文,,,,
我的第一本韩语漫画口语书：从零开始学韩语 (优尼创新外语研发中心),336,368,책,,书籍,,,,
我的第一本韩语漫画口语书：从零开始学韩语 (优尼创新外语研发中心),337,369,전자책,,电子书,,,,
我的第一本韩语漫画口语书：从零开始学韩语 (优尼创新外语研发中心),338,370,펜,,笔,,,,
我的第一本韩语漫画口语书：从零开始学韩语 (优尼创新外语研发中心),339,371,만화,,漫画,,,,
我的第一本韩语漫画口语书：从零开始学韩语 (优尼创新外语研发中心),339,372,일기,,日记,,,,
我的第一本韩语漫画口语书：从零开始学韩语 (优尼创新外语研发中心),339,373,교과서,,课本,,,,
我的第一本韩语漫画口语书：从零开始学韩语 (优尼创新外语研发中心),339,374,동화,,童话,,,,
我的第一本韩语漫画口语书：从零开始学韩语 (优尼创新外语研发中心),339,375,시집,,诗集,,,,
我的第一本韩语漫画口语书：从零开始学韩语 (优尼创新外语研发中心),339,376,수필,,随笔,,,,
我的第一本韩语漫画口语书：从零开始学韩语 (优尼创新外语研发中心),339,377,소설,,小说,,,,
我的第一本韩语漫画口语书：从零开始学韩语 (优尼创新外语研发中心),339,378,자서전,,自传,,,,
我的第一本韩语漫画口语书：从零开始学韩语 (优尼创新外语研发中心),339,379,문학,,文学,,,,
我的第一本韩语漫画口语书：从零开始学韩语 (优尼创新外语研发中心),339,380,성서,,圣经,,,,
我的第一本韩语漫画口语书：从零开始学韩语 (优尼创新外语研发中心),339,381,산문,,散文,,,,
我的第一本韩语漫画口语书：从零开始学韩语 (优尼创新外语研发中心),339,382,전기,,传记,,,,
我的第一本韩语漫画口语书：从零开始学韩语 (优尼创新外语研发中心),339,383,기록,,记录,,,,
我的第一本韩语漫画口语书：从零开始学韩语 (优尼创新外语研发中心),346,384,여권,,护照,,,,
我的第一本韩语漫画口语书：从零开始学韩语 (优尼创新外语研发中心),347,385,비자,,签证,,,,
我的第一本韩语漫画口语书：从零开始学韩语 (优尼创新外语研发中心),348,386,학생증,,学生证,,,,
我的第一本韩语漫画口语书：从零开始学韩语 (优尼创新外语研发中心),354,387,봄,,春天,,,,
我的第一本韩语漫画口语书：从零开始学韩语 (优尼创新外语研发中心),354,388,여름,,夏天,,,,
我的第一本韩语漫画口语书：从零开始学韩语 (优尼创新外语研发中心),354,389,가을,,秋天,,,,
我的第一本韩语漫画口语书：从零开始学韩语 (优尼创新外语研发中心),354,390,겨울,,冬天,,,,
我的第一本韩语漫画口语书：从零开始学韩语 (优尼创新外语研发中心),355,391,월요일,,星期一,,,,
我的第一本韩语漫画口语书：从零开始学韩语 (优尼创新外语研发中心),355,392,화요일,,星期二,,,,
我的第一本韩语漫画口语书：从零开始学韩语 (优尼创新外语研发中心),355,393,수요일,,星期三,,,,
我的第一本韩语漫画口语书：从零开始学韩语 (优尼创新外语研发中心),355,394,목요일,,星期四,,,,
我的第一本韩语漫画口语书：从零开始学韩语 (优尼创新外语研发中心),356,395,금요일,,星期五,,,,
我的第一本韩语漫画口语书：从零开始学韩语 (优尼创新外语研发中心),356,396,토요일,,星期六,,,,
我的第一本韩语漫画口语书：从零开始学韩语 (优尼创新外语研发中心),356,397,일요일,,星期日,,,,
我的第一本韩语漫画口语书：从零开始学韩语 (优尼创新外语研发中心),356,398,일주일,,一周,,,,
我的第一本韩语漫画口语书：从零开始学韩语 (优尼创新外语研发中心),356,399,일월,,1月,,,,
我的第一本韩语漫画口语书：从零开始学韩语 (优尼创新外语研发中心),356,400,이월,,2月,,,,
我的第一本韩语漫画口语书：从零开始学韩语 (优尼创新外语研发中心),356,401,삼월,,3月,,,,
我的第一本韩语漫画口语书：从零开始学韩语 (优尼创新外语研发中心),356,402,사월,,4月,,,,
我的第一本韩语漫画口语书：从零开始学韩语 (优尼创新外语研发中心),356,403,오월,,5月,,,,
我的第一本韩语漫画口语书：从零开始学韩语 (优尼创新外语研发中心),357,404,유월,,6月,,,,
我的第一本韩语漫画口语书：从零开始学韩语 (优尼创新外语研发中心),357,405,칠월,,7月,,,,
我的第一本韩语漫画口语书：从零开始学韩语 (优尼创新外语研发中心),357,406,팔월,,8月,,,,
我的第一本韩语漫画口语书：从零开始学韩语 (优尼创新外语研发中心),357,407,구월,,9月,,,,
我的第一本韩语漫画口语书：从零开始学韩语 (优尼创新外语研发中心),357,408,시월,,10月,,,,
我的第一本韩语漫画口语书：从零开始学韩语 (优尼创新外语研发中心),357,409,십일월,,11月,,,,
我的第一本韩语漫画口语书：从零开始学韩语 (优尼创新外语研发中心),357,410,십이월,,12月,,,,
我的第一本韩语漫画口语书：从零开始学韩语 (优尼创新外语研发中心),357,411,일년,,1年,,,,
我的第一本韩语漫画口语书：从零开始学韩语 (优尼创新外语研发中心),358,412,오늘,,今天,,,,
我的第一本韩语漫画口语书：从零开始学韩语 (优尼创新外语研发中心),358,413,내일,,明天,,,,
我的第一本韩语漫画口语书：从零开始学韩语 (优尼创新外语研发中心),358,414,오전,,上午,,,,
我的第一本韩语漫画口语书：从零开始学韩语 (优尼创新外语研发中心),358,415,오후,,下午,,,,
我的第一本韩语漫画口语书：从零开始学韩语 (优尼创新外语研发中心),358,416,새벽,,凌晨,,,,
我的第一本韩语漫画口语书：从零开始学韩语 (优尼创新外语研发中心),358,417,야간,,夜间,,,,
我的第一本韩语漫画口语书：从零开始学韩语 (优尼创新外语研发中心),365,418,확인,,确认,,,,
我的第一本韩语漫画口语书：从零开始学韩语 (优尼创新外语研发中心),365,419,비행기표,,机票,,,,
我的第一本韩语漫画口语书：从零开始学韩语 (优尼创新外语研发中心),365,420,스튜어디스,,空姐,,,,
我的第一本韩语漫画口语书：从零开始学韩语 (优尼创新外语研发中心),365,421,창가,,靠窗,,,,
我的第一本韩语漫画口语书：从零开始学韩语 (优尼创新外语研发中心),365,422,통로,,走道,,,,
我的第一本韩语漫画口语书：从零开始学韩语 (优尼创新外语研发中心),365,423,웨이팅,,等候,,,,
我的第一本韩语漫画口语书：从零开始学韩语 (优尼创新外语研发中心),367,424,제가멀미합니다.,,飞机什么时候起飞？,,,delete,
我的第一本韩语漫画口语书：从零开始学韩语 (优尼创新外语研发中心),368,425,기차,,火车,,,,
我的第一本韩语漫画口语书：从零开始学韩语 (优尼创新外语研发中心),368,426,노선,,线路,,,,
我的第一本韩语漫画口语书：从零开始学韩语 (优尼创新外语研发中心),368,427,개찰,,检票,,,,
我的第一本韩语漫画口语书：从零开始学韩语 (优尼创新外语研发中心),368,428,객차,,车厢,,,,
我的第一本韩语漫画口语书：从零开始学韩语 (优尼创新外语研发中心),368,429,좌석,,座位,,,,
我的第一本韩语漫画口语书：从零开始学韩语 (优尼创新外语研发中心),368,430,여객,,旅客,,,,
我的第一本韩语漫画口语书：从零开始学韩语 (优尼创新外语研发中心),368,431,침대칸,,卧铺,,,,
我的第一本韩语漫画口语书：从零开始学韩语 (优尼创新外语研发中心),368,432,플랫폼,,站台,,,,
我的第一本韩语漫画口语书：从零开始学韩语 (优尼创新外语研发中心),368,433,차표가격,,票价,,,,
我的第一本韩语漫画口语书：从零开始学韩语 (优尼创新外语研发中心),371,434,운전사,,司机,,,,
我的第一本韩语漫画口语书：从零开始学韩语 (优尼创新外语研发中心),371,435,좌석,,座位,,,,
我的第一本韩语漫画口语书：从零开始学韩语 (优尼创新外语研发中心),372,436,정류장,,站牌,,,,
我的第一本韩语漫画口语书：从零开始学韩语 (优尼创新外语研发中心),372,437,차표,,车票,,,,
我的第一本韩语漫画口语书：从零开始学韩语 (优尼创新外语研发中心),372,438,잔돈,,零钱,,,,
我的第一本韩语漫画口语书：从零开始学韩语 (优尼创新外语研发中心),372,439,표를산다,,买票,,,,
我的第一本韩语漫画口语书：从零开始学韩语 (优尼创新外语研发中心),373,440,나는잔돈이없다.,,成人票是二十元。,,,delete,
我的第一本韩语漫画口语书：从零开始学韩语 (优尼创新外语研发中心),374,441,팁,,小费,,,,
我的第一本韩语漫画口语书：从零开始学韩语 (优尼创新外语研发中心),374,442,영수증,,收据,,,,
我的第一本韩语漫画口语书：从零开始学韩语 (优尼创新外语研发中心),374,443,빈차,,空车,,,,
我的第一本韩语漫画口语书：从零开始学韩语 (优尼创新外语研发中心),375,444,거스름돈,,找钱,,,,
我的第一本韩语漫画口语书：从零开始学韩语 (优尼创新外语研发中心),375,445,주소,,地址,,,,
我的第一本韩语漫画口语书：从零开始学韩语 (优尼创新外语研发中心),375,446,길이막히다,,堵车,,,,
我的第一本韩语漫画口语书：从零开始学韩语 (优尼创新外语研发中心),376,447,좀빨리가주세요.,,多少钱？,,,delete,
我的第一本韩语漫画口语书：从零开始学韩语 (优尼创新外语研发中心),378,448,오토바이,,摩托车,,,,
我的第一本韩语漫画口语书：从零开始学韩语 (优尼创新外语研发中心),379,449,자전거,,自行车,,,,
我的第一本韩语漫画口语书：从零开始学韩语 (优尼创新外语研发中心),385,450,싱글룸,,单人间,,,,
我的第一本韩语漫画口语书：从零开始学韩语 (优尼创新外语研发中心),386,451,스위트룸,,套房,,,,
我的第一本韩语漫画口语书：从零开始学韩语 (优尼创新外语研发中心),387,452,인터넷,,网络,,,,
我的第一本韩语漫画口语书：从零开始学韩语 (优尼创新外语研发中心),388,453,서비스데스크,,服务台,,,,
我的第一本韩语漫画口语书：从零开始学韩语 (优尼创新外语研发中心),389,454,로비,,大堂,,,,
我的第一本韩语漫画口语书：从零开始学韩语 (优尼创新外语研发中心),390,455,커피숍,,咖啡厅,,,,
我的第一本韩语漫画口语书：从零开始学韩语 (优尼创新外语研发中心),391,456,레스토랑,,餐厅,,,,
我的第一本韩语漫画口语书：从零开始学韩语 (优尼创新外语研发中心),391,457,화장실,,厕所,,,,
我的第一本韩语漫画口语书：从零开始学韩语 (优尼创新外语研发中心),391,458,숙박비,,房费,,,,
我的第一本韩语漫画口语书：从零开始学韩语 (优尼创新外语研发中心),399,459,공항,,机场,,,,
我的第一本韩语漫画口语书：从零开始学韩语 (优尼创新外语研发中心),399,460,빌딩,,大厦,,,,
我的第一本韩语漫画口语书：从零开始学韩语 (优尼创新外语研发中心),399,461,호텔,,宾馆,,,,
我的第一本韩语漫画口语书：从零开始学韩语 (优尼创新外语研发中心),399,462,도로표지,,路标,,,,
我的第一本韩语漫画口语书：从零开始学韩语 (优尼创新外语研发中心),400,463,사거리,,十字路,,,,
我的第一本韩语漫画口语书：从零开始学韩语 (优尼创新外语研发中心),401,464,지도,,地图,,,,
我的第一本韩语漫画口语书：从零开始学韩语 (优尼创新外语研发中心),402,465,여기,,这里,,,,
我的第一本韩语漫画口语书：从零开始学韩语 (优尼创新外语研发中心),402,466,거기,,那里,,,,
我的第一本韩语漫画口语书：从零开始学韩语 (优尼创新外语研发中心),402,467,위,,上面,,,,
我的第一本韩语漫画口语书：从零开始学韩语 (优尼创新外语研发中心),402,468,앞,,前面,,,,
我的第一本韩语漫画口语书：从零开始学韩语 (优尼创新外语研发中心),402,469,뒤,,后面,,,,
我的第一本韩语漫画口语书：从零开始学韩语 (优尼创新外语研发中心),402,470,옆,,旁边,,,,
